James,Smith,+64215550101,james.smith@example.com
Mary,Johnson,+64215550102,mary.johnson@example.com
John,Williams,+64215550103,john.williams@example.com
Patricia,Brown,+64215550104,patricia.brown@example.com
Robert,Jones,+64215550105,robert.jones@example.com
Jennifer,Garcia,+64215550106,jennifer.garcia@example.com
Michael,Miller,+64215550107,michael.miller@example.com
Linda,Davis,+64215550108,linda.davis@example.com
William,Rodriguez,+64215550109,william.rodriguez@example.com
Elizabeth,Martinez,+64215550110,elizabeth.martinez@example.com
David,Hernandez,+64215550111,david.hernandez@example.com
Barbara,Lopez,+64215550112,barbara.lopez@example.com
Richard,Gonzalez,+64215550113,richard.gonzalez@example.com
Susan,Wilson,+64215550114,susan.wilson@example.com
Joseph,Anderson,+64215550115,joseph.anderson@example.com
Jessica,Thomas,+64215550116,jessica.thomas@example.com
Thomas,Taylor,+64215550117,thomas.taylor@example.com
Sarah,Moore,+64215550118,sarah.moore@example.com
Charles,Jackson,+64215550119,charles.jackson@example.com
Karen,Martin,+64215550120,karen.martin@example.com
Christopher,Lee,+64215550121,christopher.lee@example.com
Nancy,Perez,+64215550122,nancy.perez@example.com
Daniel,Thompson,+64215550123,daniel.thompson@example.com
Lisa,White,+64215550124,lisa.white@example.com
Matthew,Harris,+64215550125,matthew.harris@example.com
Betty,Sanchez,+64215550126,betty.sanchez@example.com
Anthony,Clark,+64215550127,anthony.clark@example.com
Margaret,Ramirez,+64215550128,margaret.ramirez@example.com
Mark,Lewis,+64215550129,mark.lewis@example.com
Sandra,Robinson,+64215550130,sandra.robinson@example.com
Donald,Walker,+64215550131,donald.walker@example.com
Ashley,Young,+64215550132,ashley.young@example.com
Steven,Allen,+64215550133,steven.allen@example.com
Kimberly,King,+64215550134,kimberly.king@example.com
Paul,Wright,+64215550135,paul.wright@example.com
Emily,Scott,+64215550136,emily.scott@example.com
Andrew,Torres,+64215550137,andrew.torres@example.com
Donna,Nguyen,+64215550138,donna.nguyen@example.com
Joshua,Hill,+64215550139,joshua.hill@example.com
Michelle,Flores,+64215550140,michelle.flores@example.com
Kenneth,Green,+64215550141,kenneth.green@example.com
Dorothy,Adams,+64215550142,dorothy.adams@example.com
Kevin,Nelson,+64215550143,kevin.nelson@example.com
Carol,Baker,+64215550144,carol.baker@example.com
Brian,Hall,+64215550145,brian.hall@example.com
Amanda,Rivera,+64215550146,amanda.rivera@example.com
George,Campbell,+64215550147,george.campbell@example.com
Melissa,Mitchell,+64215550148,melissa.mitchell@example.com
Edward,Carter,+64215550149,edward.carter@example.com
Deborah,Roberts,+64215550150,deborah.roberts@example.com
Ronald,Gomez,+64215550151,ronald.gomez@example.com
Stephanie,Phillips,+64215550152,stephanie.phillips@example.com
Timothy,Evans,+64215550153,timothy.evans@example.com
Rebecca,Turner,+64215550154,rebecca.turner@example.com
Jason,Diaz,+64215550155,jason.diaz@example.com
Sharon,Parker,+64215550156,sharon.parker@example.com
Jeffrey,Cruz,+64215550157,jeffrey.cruz@example.com
Laura,Edwards,+64215550158,laura.edwards@example.com
Ryan,Collins,+64215550159,ryan.collins@example.com
Cynthia,Reyes,+64215550160,cynthia.reyes@example.com
Jacob,Stewart,+64215550161,jacob.stewart@example.com
Kathleen,Morris,+64215550162,kathleen.morris@example.com
Gary,Morales,+64215550163,gary.morales@example.com
Amy,Murphy,+64215550164,amy.murphy@example.com
Nicholas,Cook,+64215550165,nicholas.cook@example.com
Shirley,Rogers,+64215550166,shirley.rogers@example.com
Eric,Gutierrez,+64215550167,eric.gutierrez@example.com
Angela,Ortiz,+64215550168,angela.ortiz@example.com
Jonathan,Morgan,+64215550169,jonathan.morgan@example.com
Helen,Cooper,+64215550170,helen.cooper@example.com
Stephen,Peterson,+64215550171,stephen.peterson@example.com
Anna,Bailey,+64215550172,anna.bailey@example.com
Larry,Reed,+64215550173,larry.reed@example.com
Brenda,Kelly,+64215550174,brenda.kelly@example.com
Justin,Howard,+64215550175,justin.howard@example.com
Pamela,Ramos,+64215550176,pamela.ramos@example.com
Scott,Kim,+64215550177,scott.kim@example.com
Nicole,Cox,+64215550178,nicole.cox@example.com
Brandon,Ward,+64215550179,brandon.ward@example.com
Emma,Richardson,+64215550180,emma.richardson@example.com
Benjamin,Watson,+64215550181,benjamin.watson@example.com
Samantha,Brooks,+64215550182,samantha.brooks@example.com
Gregory,Chavez,+64215550183,gregory.chavez@example.com
Katherine,Wood,+64215550184,katherine.wood@example.com
Frank,James,+64215550185,frank.james@example.com
Christine,Bennett,+64215550186,christine.bennett@example.com
Alexander,Gray,+64215550187,alexander.gray@example.com
Debra,Mendoza,+64215550188,debra.mendoza@example.com
Raymond,Ruiz,+64215550189,raymond.ruiz@example.com
Rachel,Hughes,+64215550190,rachel.hughes@example.com
Patrick,Price,+64215550191,patrick.price@example.com
Catherine,Alvarez,+64215550192,catherine.alvarez@example.com
Jack,Castillo,+64215550193,jack.castillo@example.com
Carolyn,Sanders,+64215550194,carolyn.sanders@example.com
Dennis,Patel,+64215550195,dennis.patel@example.com
Janet,Myers,+64215550196,janet.myers@example.com
Jerry,Long,+64215550197,jerry.long@example.com
Maria,Ross,+64215550198,maria.ross@example.com
Tyler,Foster,+64215550199,tyler.foster@example.com
Heather,Jimenez,+64215550200,heather.jimenez@example.com
